releve_utc,date_paris,heure_paris,parc_id,parc,zone,attraction_id,attraction,ouverte,attente_min,maj_queue_times_utc
2026-10-10T06:04:13Z,2026-10-10,08:04,4,Disneyland Park,Adventureland,2702,Adventure Isle,0,0,2026-10-10T06:00:03Z
2026-10-10T06:04:13Z,2026-10-10,08:04,4,Disneyland Park,Adventureland,7306,Indiana Jones and the Temple of Peril Single Rider,0,0,2026-10-10T06:00:03Z
2026-10-10T06:04:13Z,2026-10-10,08:04,4,Disneyland Park,Adventureland,2,Indiana Jones™ and the Temple of Peril,0,0,2026-10-10T06:00:03Z
2026-10-10T06:04:13Z,2026-10-10,08:04,4,Disneyland Park,Adventureland,1,La Cabane des Robinson,0,0,2026-10-10T06:00:03Z
2026-10-10T06:04:13Z,2026-10-10,08:04,4,Disneyland Park,Adventureland,2703,Le Passage Enchanté d'Aladdin,0,0,2026-10-10T06:00:03Z
2026-10-10T06:04:13Z,2026-10-10,08:04,4,Disneyland Park,Adventureland,2705,Pirate Galleon,0,0,2026-10-10T06:00:03Z
2026-10-10T06:04:13Z,2026-10-10,08:04,4,Disneyland Park,Adventureland,3,Pirates of the Caribbean,0,0,2026-10-10T06:00:03Z
2026-10-10T06:04:13Z,2026-10-10,08:04,4,Disneyland Park,Adventureland,2704,Pirates' Beach,0,0,2026-10-10T06:00:03Z
2026-10-10T06:04:13Z,2026-10-10,08:04,4,Disneyland Park,Discoveryland,4,"Autopia, presented by Avis",0,0,2026-10-10T06:00:03Z
2026-10-10T06:04:13Z,2026-10-10,08:04,4,Disneyland Park,Discoveryland,5,Buzz Lightyear Laser Blast,0,0,2026-10-10T06:00:03Z
2026-10-10T06:04:13Z,2026-10-10,08:04,4,Disneyland Park,Discoveryland,2706,Disneyland Railroad Discoveryland Station,0,0,2026-10-10T06:00:03Z
2026-10-10T06:04:13Z,2026-10-10,08:04,4,Disneyland Park,Discoveryland,6,Les Mystères du Nautilus,0,0,2026-10-10T06:00:03Z
2026-10-10T06:04:13Z,2026-10-10,08:04,4,Disneyland Park,Discoveryland,2707,Mickey’s PhilharMagic,0,0,2026-10-10T06:00:03Z
2026-10-10T06:04:13Z,2026-10-10,08:04,4,Disneyland Park,Discoveryland,7,Orbitron®,0,0,2026-10-10T06:00:03Z
2026-10-10T06:04:13Z,2026-10-10,08:04,4,Disneyland Park,Discoveryland,9,Star Tours: The Adventures Continue*,0,0,2026-10-10T06:00:03Z
2026-10-10T06:04:13Z,2026-10-10,08:04,4,Disneyland Park,Discoveryland,8,Star Wars Hyperspace Mountain,0,0,2026-10-10T06:00:03Z
2026-10-10T06:04:13Z,2026-10-10,08:04,4,Disneyland Park,Discoveryland,7278,Star Wars Hyperspace Mountain Single Rider,0,0,2026-10-10T06:00:03Z
2026-10-10T06:04:13Z,2026-10-10,08:04,4,Disneyland Park,Discoveryland,4573,Welcome to Starport: A Star Wars Encounter,0,0,2026-10-10T06:00:03Z
2026-10-10T06:04:13Z,2026-10-10,08:04,4,Disneyland Park,Fantasyland,19,"""it's a small world""",0,0,2026-10-10T06:00:03Z
2026-10-10T06:04:13Z,2026-10-10,08:04,4,Disneyland Park,Fantasyland,14,Alice's Curious Labyrinth,0,0,2026-10-10T06:00:03Z
2026-10-10T06:04:13Z,2026-10-10,08:04,4,Disneyland Park,Fantasyland,15,Blanche-Neige et les Sept Nains®,0,0,2026-10-10T06:00:03Z
2026-10-10T06:04:13Z,2026-10-10,08:04,4,Disneyland Park,Fantasyland,17,Casey Jr. – le Petit Train du Cirque,0,0,2026-10-10T06:00:03Z
2026-10-10T06:04:13Z,2026-10-10,08:04,4,Disneyland Park,Fantasyland,2711,Disneyland Railroad Fantasyland Station,0,0,2026-10-10T06:00:03Z
2026-10-10T06:04:13Z,2026-10-10,08:04,4,Disneyland Park,Fantasyland,11,Disneyland Railroad Main Street Station,0,0,2026-10-10T06:00:03Z
2026-10-10T06:04:13Z,2026-10-10,08:04,4,Disneyland Park,Fantasyland,18,Dumbo the Flying Elephant,1,5,2026-10-10T06:00:03Z
2026-10-10T06:04:13Z,2026-10-10,08:04,4,Disneyland Park,Fantasyland,2710,La Tanière du Dragon,0,0,2026-10-10T06:00:03Z
2026-10-10T06:04:13Z,2026-10-10,08:04,4,Disneyland Park,Fantasyland,16,Le Carrousel de Lancelot,0,0,2026-10-10T06:00:03Z
2026-10-10T06:04:13Z,2026-10-10,08:04,4,Disneyland Park,Fantasyland,21,"Le Pays des Contes de Fées, presented by Vittel",0,0,2026-10-10T06:00:03Z
2026-10-10T06:04:13Z,2026-10-10,08:04,4,Disneyland Park,Fantasyland,23,Les Voyages de Pinocchio,0,0,2026-10-10T06:00:03Z
2026-10-10T06:04:13Z,2026-10-10,08:04,4,Disneyland Park,Fantasyland,20,Mad Hatter's Tea Cups,0,0,2026-10-10T06:00:03Z
2026-10-10T06:04:13Z,2026-10-10,08:04,4,Disneyland Park,Fantasyland,13,Meet Mickey Mouse,0,0,2026-10-10T06:00:03Z
2026-10-10T06:04:13Z,2026-10-10,08:04,4,Disneyland Park,Fantasyland,22,Peter Pan's Flight,0,0,2026-10-10T06:00:03Z
2026-10-10T06:04:13Z,2026-10-10,08:04,4,Disneyland Park,Fantasyland,24,Princess Pavilion,0,0,2026-10-10T06:00:03Z
2026-10-10T06:04:13Z,2026-10-10,08:04,4,Disneyland Park,Frontierland,25,Big Thunder Mountain,1,0,2026-10-10T06:00:03Z
2026-10-10T06:04:13Z,2026-10-10,08:04,4,Disneyland Park,Frontierland,2714,Disneyland Railroad Frontierland Depot,0,0,2026-10-10T06:00:03Z
2026-10-10T06:04:13Z,2026-10-10,08:04,4,Disneyland Park,Frontierland,2713,Frontierland Playground,0,0,2026-10-10T06:00:03Z
2026-10-10T06:04:13Z,2026-10-10,08:04,4,Disneyland Park,Frontierland,26,Phantom Manor,0,0,2026-10-10T06:00:03Z
2026-10-10T06:04:13Z,2026-10-10,08:04,4,Disneyland Park,Frontierland,27,River Rogue Keelboats,0,0,2026-10-10T06:00:03Z
2026-10-10T06:04:13Z,2026-10-10,08:04,4,Disneyland Park,Frontierland,2712,Rustler Roundup Shootin' Gallery,0,0,2026-10-10T06:00:03Z
2026-10-10T06:04:13Z,2026-10-10,08:04,4,Disneyland Park,Frontierland,28,Thunder Mesa Riverboat Landing,0,0,2026-10-10T06:00:03Z
2026-10-10T06:04:13Z,2026-10-10,08:04,4,Disneyland Park,Main Street U.S.A,2708,Disneyland Railroad Main Street Station,0,0,2026-10-10T06:00:03Z
2026-10-10T06:04:13Z,2026-10-10,08:04,4,Disneyland Park,Main Street U.S.A,12,Main Street Vehicles,0,0,2026-10-10T06:00:03Z
2026-10-10T06:04:13Z,2026-10-10,08:04,28,Disney Adventure World,Marvel Avengers Campus,10848,Avengers Assemble: Flight Force,0,0,2026-10-10T06:00:03Z
2026-10-10T06:04:13Z,2026-10-10,08:04,28,Disney Adventure World,Marvel Avengers Campus,10849,Avengers Assemble: Flight Force Single Rider,0,0,2026-10-10T06:00:03Z
2026-10-10T06:04:13Z,2026-10-10,08:04,28,Disney Adventure World,Marvel Avengers Campus,10845,Spider-Man W.E.B. Adventure,1,5,2026-10-10T06:00:03Z
2026-10-10T06:04:13Z,2026-10-10,08:04,28,Disney Adventure World,Marvel Avengers Campus,10846,Spider-Man W.E.B. Adventure Single Rider,1,5,2026-10-10T06:00:03Z
2026-10-10T06:04:13Z,2026-10-10,08:04,28,Disney Adventure World,Production Courtyard,266,Meet Spider Man,0,0,2026-10-10T06:00:03Z
2026-10-10T06:04:13Z,2026-10-10,08:04,28,Disney Adventure World,Production Courtyard,40,The Twilight Zone Tower of Terror,0,0,2026-10-10T06:00:03Z
2026-10-10T06:04:13Z,2026-10-10,08:04,28,Disney Adventure World,Toon Studio,30,Art of Disney Animation,0,0,2026-10-10T06:00:03Z
2026-10-10T06:04:13Z,2026-10-10,08:04,28,Disney Adventure World,Toon Studio,31,Cars Quatre Roues Rallye,0,0,2026-10-10T06:00:03Z
2026-10-10T06:04:13Z,2026-10-10,08:04,28,Disney Adventure World,Toon Studio,29,Cars ROAD TRIP,0,0,2026-10-10T06:00:03Z
2026-10-10T06:04:13Z,2026-10-10,08:04,28,Disney Adventure World,Toon Studio,32,Crush's Coaster,0,0,2026-10-10T06:00:03Z
2026-10-10T06:04:13Z,2026-10-10,08:04,28,Disney Adventure World,Toon Studio,7277,Crush's Coaster Single Rider,0,0,2026-10-10T06:00:03Z
2026-10-10T06:04:13Z,2026-10-10,08:04,28,Disney Adventure World,Toon Studio,33,Les Tapis Volants - Flying Carpets Over Agrabah®,0,0,2026-10-10T06:00:03Z
2026-10-10T06:04:13Z,2026-10-10,08:04,28,Disney Adventure World,Toon Studio,37,Ratatouille : L’Aventure Totalement Toquée de Rémy​,1,0,2026-10-10T06:00:03Z
2026-10-10T06:04:13Z,2026-10-10,08:04,28,Disney Adventure World,Toon Studio,7279,Ratatouille: The Adventure Single Rider,1,0,2026-10-10T06:00:03Z
2026-10-10T06:04:13Z,2026-10-10,08:04,28,Disney Adventure World,Toon Studio,34,RC Racer,0,0,2026-10-10T06:00:03Z
2026-10-10T06:04:13Z,2026-10-10,08:04,28,Disney Adventure World,Toon Studio,7280,RC Racer Single Rider,0,0,2026-10-10T06:00:03Z
2026-10-10T06:04:13Z,2026-10-10,08:04,28,Disney Adventure World,Toon Studio,36,Slinky® Dog Zigzag Spin,1,5,2026-10-10T06:00:03Z
2026-10-10T06:04:13Z,2026-10-10,08:04,28,Disney Adventure World,Toon Studio,35,Toy Soldiers Parachute Drop,0,0,2026-10-10T06:00:03Z
2026-10-10T06:04:13Z,2026-10-10,08:04,28,Disney Adventure World,Toon Studio,7281,Toy Soldiers Parachute Drop Single Rider,0,0,2026-10-10T06:00:03Z
2026-10-10T06:04:13Z,2026-10-10,08:04,28,Disney Adventure World,World of Frozen,15413,Frozen Ever After,0,0,2026-10-10T06:00:03Z
2026-10-10T06:04:13Z,2026-10-10,08:04,28,Disney Adventure World,World of Frozen,15422,Frozen Ever After Single Rider,0,0,2026-10-10T06:00:03Z
2026-10-10T06:04:13Z,2026-10-10,08:04,28,Disney Adventure World,World of Frozen,15415,Raiponce Tangled Spin,0,0,2026-10-10T06:00:03Z
2026-10-10T06:19:09Z,2026-10-10,08:19,4,Disneyland Park,Adventureland,2702,Adventure Isle,0,0,2026-10-10T06:15:03Z
2026-10-10T06:19:09Z,2026-10-10,08:19,4,Disneyland Park,Adventureland,7306,Indiana Jones and the Temple of Peril Single Rider,0,0,2026-10-10T06:15:03Z
2026-10-10T06:19:09Z,2026-10-10,08:19,4,Disneyland Park,Adventureland,2,Indiana Jones™ and the Temple of Peril,0,0,2026-10-10T06:15:03Z
2026-10-10T06:19:09Z,2026-10-10,08:19,4,Disneyland Park,Adventureland,1,La Cabane des Robinson,0,0,2026-10-10T06:15:03Z
2026-10-10T06:19:09Z,2026-10-10,08:19,4,Disneyland Park,Adventureland,2703,Le Passage Enchanté d'Aladdin,0,0,2026-10-10T06:15:03Z
2026-10-10T06:19:09Z,2026-10-10,08:19,4,Disneyland Park,Adventureland,2705,Pirate Galleon,0,0,2026-10-10T06:15:03Z
2026-10-10T06:19:09Z,2026-10-10,08:19,4,Disneyland Park,Adventureland,3,Pirates of the Caribbean,0,0,2026-10-10T06:15:03Z
2026-10-10T06:19:09Z,2026-10-10,08:19,4,Disneyland Park,Adventureland,2704,Pirates' Beach,0,0,2026-10-10T06:15:03Z
2026-10-10T06:19:09Z,2026-10-10,08:19,4,Disneyland Park,Discoveryland,4,"Autopia, presented by Avis",0,0,2026-10-10T06:15:03Z
2026-10-10T06:19:09Z,2026-10-10,08:19,4,Disneyland Park,Discoveryland,5,Buzz Lightyear Laser Blast,0,0,2026-10-10T06:15:03Z
2026-10-10T06:19:09Z,2026-10-10,08:19,4,Disneyland Park,Discoveryland,2706,Disneyland Railroad Discoveryland Station,0,0,2026-10-10T06:15:03Z
2026-10-10T06:19:09Z,2026-10-10,08:19,4,Disneyland Park,Discoveryland,6,Les Mystères du Nautilus,0,0,2026-10-10T06:15:03Z
2026-10-10T06:19:09Z,2026-10-10,08:19,4,Disneyland Park,Discoveryland,2707,Mickey’s PhilharMagic,0,0,2026-10-10T06:15:03Z
2026-10-10T06:19:09Z,2026-10-10,08:19,4,Disneyland Park,Discoveryland,7,Orbitron®,0,0,2026-10-10T06:15:03Z
2026-10-10T06:19:09Z,2026-10-10,08:19,4,Disneyland Park,Discoveryland,9,Star Tours: The Adventures Continue*,1,5,2026-10-10T06:15:03Z
2026-10-10T06:19:09Z,2026-10-10,08:19,4,Disneyland Park,Discoveryland,8,Star Wars Hyperspace Mountain,1,5,2026-10-10T06:15:03Z
2026-10-10T06:19:09Z,2026-10-10,08:19,4,Disneyland Park,Discoveryland,7278,Star Wars Hyperspace Mountain Single Rider,1,0,2026-10-10T06:15:03Z
2026-10-10T06:19:09Z,2026-10-10,08:19,4,Disneyland Park,Discoveryland,4573,Welcome to Starport: A Star Wars Encounter,0,0,2026-10-10T06:15:03Z
2026-10-10T06:19:09Z,2026-10-10,08:19,4,Disneyland Park,Fantasyland,19,"""it's a small world""",0,0,2026-10-10T06:15:03Z
2026-10-10T06:19:09Z,2026-10-10,08:19,4,Disneyland Park,Fantasyland,14,Alice's Curious Labyrinth,0,0,2026-10-10T06:15:03Z
2026-10-10T06:19:09Z,2026-10-10,08:19,4,Disneyland Park,Fantasyland,15,Blanche-Neige et les Sept Nains®,0,0,2026-10-10T06:15:03Z
2026-10-10T06:19:09Z,2026-10-10,08:19,4,Disneyland Park,Fantasyland,17,Casey Jr. – le Petit Train du Cirque,0,0,2026-10-10T06:15:03Z
2026-10-10T06:19:09Z,2026-10-10,08:19,4,Disneyland Park,Fantasyland,2711,Disneyland Railroad Fantasyland Station,0,0,2026-10-10T06:15:03Z
2026-10-10T06:19:09Z,2026-10-10,08:19,4,Disneyland Park,Fantasyland,11,Disneyland Railroad Main Street Station,0,0,2026-10-10T06:15:03Z
2026-10-10T06:19:09Z,2026-10-10,08:19,4,Disneyland Park,Fantasyland,18,Dumbo the Flying Elephant,1,5,2026-10-10T06:15:03Z
2026-10-10T06:19:09Z,2026-10-10,08:19,4,Disneyland Park,Fantasyland,2710,La Tanière du Dragon,0,0,2026-10-10T06:15:03Z
2026-10-10T06:19:09Z,2026-10-10,08:19,4,Disneyland Park,Fantasyland,16,Le Carrousel de Lancelot,0,0,2026-10-10T06:15:03Z
2026-10-10T06:19:09Z,2026-10-10,08:19,4,Disneyland Park,Fantasyland,21,"Le Pays des Contes de Fées, presented by Vittel",0,0,2026-10-10T06:15:03Z
2026-10-10T06:19:09Z,2026-10-10,08:19,4,Disneyland Park,Fantasyland,23,Les Voyages de Pinocchio,0,0,2026-10-10T06:15:03Z
2026-10-10T06:19:09Z,2026-10-10,08:19,4,Disneyland Park,Fantasyland,20,Mad Hatter's Tea Cups,0,0,2026-10-10T06:15:03Z
2026-10-10T06:19:09Z,2026-10-10,08:19,4,Disneyland Park,Fantasyland,13,Meet Mickey Mouse,0,0,2026-10-10T06:15:03Z
2026-10-10T06:19:09Z,2026-10-10,08:19,4,Disneyland Park,Fantasyland,22,Peter Pan's Flight,1,5,2026-10-10T06:15:03Z
2026-10-10T06:19:09Z,2026-10-10,08:19,4,Disneyland Park,Fantasyland,24,Princess Pavilion,0,0,2026-10-10T06:15:03Z
2026-10-10T06:19:09Z,2026-10-10,08:19,4,Disneyland Park,Frontierland,25,Big Thunder Mountain,1,5,2026-10-10T06:15:03Z
2026-10-10T06:19:09Z,2026-10-10,08:19,4,Disneyland Park,Frontierland,2714,Disneyland Railroad Frontierland Depot,0,0,2026-10-10T06:15:03Z
2026-10-10T06:19:09Z,2026-10-10,08:19,4,Disneyland Park,Frontierland,2713,Frontierland Playground,0,0,2026-10-10T06:15:03Z
2026-10-10T06:19:09Z,2026-10-10,08:19,4,Disneyland Park,Frontierland,26,Phantom Manor,0,0,2026-10-10T06:15:03Z
2026-10-10T06:19:09Z,2026-10-10,08:19,4,Disneyland Park,Frontierland,27,River Rogue Keelboats,0,0,2026-10-10T06:15:03Z
2026-10-10T06:19:09Z,2026-10-10,08:19,4,Disneyland Park,Frontierland,2712,Rustler Roundup Shootin' Gallery,0,0,2026-10-10T06:15:03Z
2026-10-10T06:19:09Z,2026-10-10,08:19,4,Disneyland Park,Frontierland,28,Thunder Mesa Riverboat Landing,0,0,2026-10-10T06:15:03Z
2026-10-10T06:19:09Z,2026-10-10,08:19,4,Disneyland Park,Main Street U.S.A,2708,Disneyland Railroad Main Street Station,0,0,2026-10-10T06:15:03Z
2026-10-10T06:19:09Z,2026-10-10,08:19,4,Disneyland Park,Main Street U.S.A,12,Main Street Vehicles,1,5,2026-10-10T06:15:03Z
2026-10-10T06:19:09Z,2026-10-10,08:19,28,Disney Adventure World,Marvel Avengers Campus,10848,Avengers Assemble: Flight Force,0,0,2026-10-10T06:15:03Z
2026-10-10T06:19:09Z,2026-10-10,08:19,28,Disney Adventure World,Marvel Avengers Campus,10849,Avengers Assemble: Flight Force Single Rider,0,0,2026-10-10T06:15:03Z
2026-10-10T06:19:09Z,2026-10-10,08:19,28,Disney Adventure World,Marvel Avengers Campus,10845,Spider-Man W.E.B. Adventure,1,5,2026-10-10T06:15:03Z
2026-10-10T06:19:09Z,2026-10-10,08:19,28,Disney Adventure World,Marvel Avengers Campus,10846,Spider-Man W.E.B. Adventure Single Rider,1,5,2026-10-10T06:15:03Z
2026-10-10T06:19:09Z,2026-10-10,08:19,28,Disney Adventure World,Production Courtyard,266,Meet Spider Man,0,0,2026-10-10T06:15:03Z
2026-10-10T06:19:09Z,2026-10-10,08:19,28,Disney Adventure World,Production Courtyard,40,The Twilight Zone Tower of Terror,1,5,2026-10-10T06:15:03Z
2026-10-10T06:19:09Z,2026-10-10,08:19,28,Disney Adventure World,Toon Studio,30,Art of Disney Animation,0,0,2026-10-10T06:15:03Z
2026-10-10T06:19:09Z,2026-10-10,08:19,28,Disney Adventure World,Toon Studio,31,Cars Quatre Roues Rallye,1,5,2026-10-10T06:15:03Z
2026-10-10T06:19:09Z,2026-10-10,08:19,28,Disney Adventure World,Toon Studio,29,Cars ROAD TRIP,0,0,2026-10-10T06:15:03Z
2026-10-10T06:19:09Z,2026-10-10,08:19,28,Disney Adventure World,Toon Studio,32,Crush's Coaster,0,0,2026-10-10T06:15:03Z
2026-10-10T06:19:09Z,2026-10-10,08:19,28,Disney Adventure World,Toon Studio,7277,Crush's Coaster Single Rider,0,0,2026-10-10T06:15:03Z
2026-10-10T06:19:09Z,2026-10-10,08:19,28,Disney Adventure World,Toon Studio,33,Les Tapis Volants - Flying Carpets Over Agrabah®,0,0,2026-10-10T06:15:03Z
2026-10-10T06:19:09Z,2026-10-10,08:19,28,Disney Adventure World,Toon Studio,37,Ratatouille : L’Aventure Totalement Toquée de Rémy​,1,5,2026-10-10T06:15:03Z
2026-10-10T06:19:09Z,2026-10-10,08:19,28,Disney Adventure World,Toon Studio,7279,Ratatouille: The Adventure Single Rider,1,5,2026-10-10T06:15:03Z
2026-10-10T06:19:09Z,2026-10-10,08:19,28,Disney Adventure World,Toon Studio,34,RC Racer,0,0,2026-10-10T06:15:03Z
2026-10-10T06:19:09Z,2026-10-10,08:19,28,Disney Adventure World,Toon Studio,7280,RC Racer Single Rider,0,0,2026-10-10T06:15:03Z
2026-10-10T06:19:09Z,2026-10-10,08:19,28,Disney Adventure World,Toon Studio,36,Slinky® Dog Zigzag Spin,1,5,2026-10-10T06:15:03Z
2026-10-10T06:19:09Z,2026-10-10,08:19,28,Disney Adventure World,Toon Studio,35,Toy Soldiers Parachute Drop,0,0,2026-10-10T06:15:03Z
2026-10-10T06:19:09Z,2026-10-10,08:19,28,Disney Adventure World,Toon Studio,7281,Toy Soldiers Parachute Drop Single Rider,0,0,2026-10-10T06:15:03Z
2026-10-10T06:19:09Z,2026-10-10,08:19,28,Disney Adventure World,World of Frozen,15413,Frozen Ever After,0,0,2026-10-10T06:15:03Z
2026-10-10T06:19:09Z,2026-10-10,08:19,28,Disney Adventure World,World of Frozen,15422,Frozen Ever After Single Rider,0,0,2026-10-10T06:15:03Z
2026-10-10T06:19:09Z,2026-10-10,08:19,28,Disney Adventure World,World of Frozen,15415,Raiponce Tangled Spin,1,5,2026-10-10T06:15:03Z
2026-10-10T06:34:11Z,2026-10-10,08:34,4,Disneyland Park,Adventureland,2702,Adventure Isle,0,0,2026-10-10T06:30:03Z
2026-10-10T06:34:11Z,2026-10-10,08:34,4,Disneyland Park,Adventureland,7306,Indiana Jones and the Temple of Peril Single Rider,0,0,2026-10-10T06:30:03Z
2026-10-10T06:34:11Z,2026-10-10,08:34,4,Disneyland Park,Adventureland,2,Indiana Jones™ and the Temple of Peril,0,0,2026-10-10T06:30:03Z
2026-10-10T06:34:11Z,2026-10-10,08:34,4,Disneyland Park,Adventureland,1,La Cabane des Robinson,0,0,2026-10-10T06:30:03Z
2026-10-10T06:34:11Z,2026-10-10,08:34,4,Disneyland Park,Adventureland,2703,Le Passage Enchanté d'Aladdin,0,0,2026-10-10T06:30:03Z
2026-10-10T06:34:11Z,2026-10-10,08:34,4,Disneyland Park,Adventureland,2705,Pirate Galleon,0,0,2026-10-10T06:30:03Z
2026-10-10T06:34:11Z,2026-10-10,08:34,4,Disneyland Park,Adventureland,3,Pirates of the Caribbean,0,0,2026-10-10T06:30:03Z
2026-10-10T06:34:11Z,2026-10-10,08:34,4,Disneyland Park,Adventureland,2704,Pirates' Beach,0,0,2026-10-10T06:30:03Z
2026-10-10T06:34:11Z,2026-10-10,08:34,4,Disneyland Park,Discoveryland,4,"Autopia, presented by Avis",0,0,2026-10-10T06:30:03Z
2026-10-10T06:34:11Z,2026-10-10,08:34,4,Disneyland Park,Discoveryland,5,Buzz Lightyear Laser Blast,0,0,2026-10-10T06:30:03Z
2026-10-10T06:34:11Z,2026-10-10,08:34,4,Disneyland Park,Discoveryland,2706,Disneyland Railroad Discoveryland Station,0,0,2026-10-10T06:30:03Z
2026-10-10T06:34:11Z,2026-10-10,08:34,4,Disneyland Park,Discoveryland,6,Les Mystères du Nautilus,0,0,2026-10-10T06:30:03Z
2026-10-10T06:34:11Z,2026-10-10,08:34,4,Disneyland Park,Discoveryland,2707,Mickey’s PhilharMagic,0,0,2026-10-10T06:30:03Z
2026-10-10T06:34:11Z,2026-10-10,08:34,4,Disneyland Park,Discoveryland,7,Orbitron®,0,0,2026-10-10T06:30:03Z
2026-10-10T06:34:11Z,2026-10-10,08:34,4,Disneyland Park,Discoveryland,9,Star Tours: The Adventures Continue*,1,5,2026-10-10T06:30:03Z
2026-10-10T06:34:11Z,2026-10-10,08:34,4,Disneyland Park,Discoveryland,8,Star Wars Hyperspace Mountain,1,5,2026-10-10T06:30:03Z
2026-10-10T06:34:11Z,2026-10-10,08:34,4,Disneyland Park,Discoveryland,7278,Star Wars Hyperspace Mountain Single Rider,1,0,2026-10-10T06:30:03Z
2026-10-10T06:34:11Z,2026-10-10,08:34,4,Disneyland Park,Discoveryland,4573,Welcome to Starport: A Star Wars Encounter,0,0,2026-10-10T06:30:03Z
2026-10-10T06:34:11Z,2026-10-10,08:34,4,Disneyland Park,Fantasyland,19,"""it's a small world""",0,0,2026-10-10T06:30:03Z
2026-10-10T06:34:11Z,2026-10-10,08:34,4,Disneyland Park,Fantasyland,14,Alice's Curious Labyrinth,0,0,2026-10-10T06:30:03Z
2026-10-10T06:34:11Z,2026-10-10,08:34,4,Disneyland Park,Fantasyland,15,Blanche-Neige et les Sept Nains®,0,0,2026-10-10T06:30:03Z
2026-10-10T06:34:11Z,2026-10-10,08:34,4,Disneyland Park,Fantasyland,17,Casey Jr. – le Petit Train du Cirque,0,0,2026-10-10T06:30:03Z
2026-10-10T06:34:11Z,2026-10-10,08:34,4,Disneyland Park,Fantasyland,2711,Disneyland Railroad Fantasyland Station,0,0,2026-10-10T06:30:03Z
2026-10-10T06:34:11Z,2026-10-10,08:34,4,Disneyland Park,Fantasyland,11,Disneyland Railroad Main Street Station,0,0,2026-10-10T06:30:03Z
2026-10-10T06:34:11Z,2026-10-10,08:34,4,Disneyland Park,Fantasyland,18,Dumbo the Flying Elephant,1,5,2026-10-10T06:30:03Z
2026-10-10T06:34:11Z,2026-10-10,08:34,4,Disneyland Park,Fantasyland,2710,La Tanière du Dragon,0,0,2026-10-10T06:30:03Z
2026-10-10T06:34:11Z,2026-10-10,08:34,4,Disneyland Park,Fantasyland,16,Le Carrousel de Lancelot,0,0,2026-10-10T06:30:03Z
2026-10-10T06:34:11Z,2026-10-10,08:34,4,Disneyland Park,Fantasyland,21,"Le Pays des Contes de Fées, presented by Vittel",0,0,2026-10-10T06:30:03Z
2026-10-10T06:34:11Z,2026-10-10,08:34,4,Disneyland Park,Fantasyland,23,Les Voyages de Pinocchio,0,0,2026-10-10T06:30:03Z
2026-10-10T06:34:11Z,2026-10-10,08:34,4,Disneyland Park,Fantasyland,20,Mad Hatter's Tea Cups,0,0,2026-10-10T06:30:03Z
2026-10-10T06:34:11Z,2026-10-10,08:34,4,Disneyland Park,Fantasyland,13,Meet Mickey Mouse,0,0,2026-10-10T06:30:03Z
2026-10-10T06:34:11Z,2026-10-10,08:34,4,Disneyland Park,Fantasyland,22,Peter Pan's Flight,1,15,2026-10-10T06:30:03Z
2026-10-10T06:34:11Z,2026-10-10,08:34,4,Disneyland Park,Fantasyland,24,Princess Pavilion,0,0,2026-10-10T06:30:03Z
2026-10-10T06:34:11Z,2026-10-10,08:34,4,Disneyland Park,Frontierland,25,Big Thunder Mountain,1,5,2026-10-10T06:30:03Z
2026-10-10T06:34:11Z,2026-10-10,08:34,4,Disneyland Park,Frontierland,2714,Disneyland Railroad Frontierland Depot,0,0,2026-10-10T06:30:03Z
2026-10-10T06:34:11Z,2026-10-10,08:34,4,Disneyland Park,Frontierland,2713,Frontierland Playground,0,0,2026-10-10T06:30:03Z
2026-10-10T06:34:11Z,2026-10-10,08:34,4,Disneyland Park,Frontierland,26,Phantom Manor,0,0,2026-10-10T06:30:03Z
2026-10-10T06:34:11Z,2026-10-10,08:34,4,Disneyland Park,Frontierland,27,River Rogue Keelboats,0,0,2026-10-10T06:30:03Z
2026-10-10T06:34:11Z,2026-10-10,08:34,4,Disneyland Park,Frontierland,2712,Rustler Roundup Shootin' Gallery,0,0,2026-10-10T06:30:03Z
2026-10-10T06:34:11Z,2026-10-10,08:34,4,Disneyland Park,Frontierland,28,Thunder Mesa Riverboat Landing,0,0,2026-10-10T06:30:03Z
2026-10-10T06:34:11Z,2026-10-10,08:34,4,Disneyland Park,Main Street U.S.A,2708,Disneyland Railroad Main Street Station,0,0,2026-10-10T06:30:03Z
2026-10-10T06:34:11Z,2026-10-10,08:34,4,Disneyland Park,Main Street U.S.A,12,Main Street Vehicles,1,5,2026-10-10T06:30:03Z
2026-10-10T06:34:11Z,2026-10-10,08:34,28,Disney Adventure World,Marvel Avengers Campus,10848,Avengers Assemble: Flight Force,0,0,2026-10-10T06:30:03Z
2026-10-10T06:34:11Z,2026-10-10,08:34,28,Disney Adventure World,Marvel Avengers Campus,10849,Avengers Assemble: Flight Force Single Rider,0,0,2026-10-10T06:30:03Z
2026-10-10T06:34:11Z,2026-10-10,08:34,28,Disney Adventure World,Marvel Avengers Campus,10845,Spider-Man W.E.B. Adventure,1,5,2026-10-10T06:30:03Z
2026-10-10T06:34:11Z,2026-10-10,08:34,28,Disney Adventure World,Marvel Avengers Campus,10846,Spider-Man W.E.B. Adventure Single Rider,1,5,2026-10-10T06:30:03Z
2026-10-10T06:34:11Z,2026-10-10,08:34,28,Disney Adventure World,Production Courtyard,266,Meet Spider Man,0,0,2026-10-10T06:30:03Z
2026-10-10T06:34:11Z,2026-10-10,08:34,28,Disney Adventure World,Production Courtyard,40,The Twilight Zone Tower of Terror,1,5,2026-10-10T06:30:03Z
2026-10-10T06:34:11Z,2026-10-10,08:34,28,Disney Adventure World,Toon Studio,30,Art of Disney Animation,0,0,2026-10-10T06:30:03Z
2026-10-10T06:34:11Z,2026-10-10,08:34,28,Disney Adventure World,Toon Studio,31,Cars Quatre Roues Rallye,1,5,2026-10-10T06:30:03Z
2026-10-10T06:34:11Z,2026-10-10,08:34,28,Disney Adventure World,Toon Studio,29,Cars ROAD TRIP,0,0,2026-10-10T06:30:03Z
2026-10-10T06:34:11Z,2026-10-10,08:34,28,Disney Adventure World,Toon Studio,32,Crush's Coaster,0,0,2026-10-10T06:30:03Z
2026-10-10T06:34:11Z,2026-10-10,08:34,28,Disney Adventure World,Toon Studio,7277,Crush's Coaster Single Rider,0,0,2026-10-10T06:30:03Z
2026-10-10T06:34:11Z,2026-10-10,08:34,28,Disney Adventure World,Toon Studio,33,Les Tapis Volants - Flying Carpets Over Agrabah®,0,0,2026-10-10T06:30:03Z
2026-10-10T06:34:11Z,2026-10-10,08:34,28,Disney Adventure World,Toon Studio,37,Ratatouille : L’Aventure Totalement Toquée de Rémy​,1,5,2026-10-10T06:30:03Z
2026-10-10T06:34:11Z,2026-10-10,08:34,28,Disney Adventure World,Toon Studio,7279,Ratatouille: The Adventure Single Rider,1,5,2026-10-10T06:30:03Z
2026-10-10T06:34:11Z,2026-10-10,08:34,28,Disney Adventure World,Toon Studio,34,RC Racer,0,0,2026-10-10T06:30:03Z
2026-10-10T06:34:11Z,2026-10-10,08:34,28,Disney Adventure World,Toon Studio,7280,RC Racer Single Rider,0,0,2026-10-10T06:30:03Z
2026-10-10T06:34:11Z,2026-10-10,08:34,28,Disney Adventure World,Toon Studio,36,Slinky® Dog Zigzag Spin,1,5,2026-10-10T06:30:03Z
2026-10-10T06:34:11Z,2026-10-10,08:34,28,Disney Adventure World,Toon Studio,35,Toy Soldiers Parachute Drop,0,0,2026-10-10T06:30:03Z
2026-10-10T06:34:11Z,2026-10-10,08:34,28,Disney Adventure World,Toon Studio,7281,Toy Soldiers Parachute Drop Single Rider,0,0,2026-10-10T06:30:03Z
2026-10-10T06:34:11Z,2026-10-10,08:34,28,Disney Adventure World,World of Frozen,15413,Frozen Ever After,0,0,2026-10-10T06:30:03Z
2026-10-10T06:34:11Z,2026-10-10,08:34,28,Disney Adventure World,World of Frozen,15422,Frozen Ever After Single Rider,0,0,2026-10-10T06:30:03Z
2026-10-10T06:34:11Z,2026-10-10,08:34,28,Disney Adventure World,World of Frozen,15415,Raiponce Tangled Spin,1,5,2026-10-10T06:30:03Z
2026-10-10T06:49:09Z,2026-10-10,08:49,4,Disneyland Park,Adventureland,2702,Adventure Isle,0,0,2026-10-10T06:45:24Z
2026-10-10T06:49:09Z,2026-10-10,08:49,4,Disneyland Park,Adventureland,7306,Indiana Jones and the Temple of Peril Single Rider,0,0,2026-10-10T06:45:24Z
2026-10-10T06:49:09Z,2026-10-10,08:49,4,Disneyland Park,Adventureland,2,Indiana Jones™ and the Temple of Peril,0,0,2026-10-10T06:45:24Z
2026-10-10T06:49:09Z,2026-10-10,08:49,4,Disneyland Park,Adventureland,1,La Cabane des Robinson,0,0,2026-10-10T06:45:24Z
2026-10-10T06:49:09Z,2026-10-10,08:49,4,Disneyland Park,Adventureland,2703,Le Passage Enchanté d'Aladdin,0,0,2026-10-10T06:45:24Z
2026-10-10T06:49:09Z,2026-10-10,08:49,4,Disneyland Park,Adventureland,2705,Pirate Galleon,0,0,2026-10-10T06:45:24Z
2026-10-10T06:49:09Z,2026-10-10,08:49,4,Disneyland Park,Adventureland,3,Pirates of the Caribbean,0,0,2026-10-10T06:45:24Z
2026-10-10T06:49:09Z,2026-10-10,08:49,4,Disneyland Park,Adventureland,2704,Pirates' Beach,0,0,2026-10-10T06:45:24Z
2026-10-10T06:49:09Z,2026-10-10,08:49,4,Disneyland Park,Discoveryland,4,"Autopia, presented by Avis",0,0,2026-10-10T06:45:24Z
2026-10-10T06:49:09Z,2026-10-10,08:49,4,Disneyland Park,Discoveryland,5,Buzz Lightyear Laser Blast,0,0,2026-10-10T06:45:24Z
2026-10-10T06:49:09Z,2026-10-10,08:49,4,Disneyland Park,Discoveryland,2706,Disneyland Railroad Discoveryland Station,0,0,2026-10-10T06:45:24Z
2026-10-10T06:49:09Z,2026-10-10,08:49,4,Disneyland Park,Discoveryland,6,Les Mystères du Nautilus,0,0,2026-10-10T06:45:24Z
2026-10-10T06:49:09Z,2026-10-10,08:49,4,Disneyland Park,Discoveryland,2707,Mickey’s PhilharMagic,0,0,2026-10-10T06:45:24Z
2026-10-10T06:49:09Z,2026-10-10,08:49,4,Disneyland Park,Discoveryland,7,Orbitron®,0,0,2026-10-10T06:45:24Z
2026-10-10T06:49:09Z,2026-10-10,08:49,4,Disneyland Park,Discoveryland,9,Star Tours: The Adventures Continue*,1,5,2026-10-10T06:45:24Z
2026-10-10T06:49:09Z,2026-10-10,08:49,4,Disneyland Park,Discoveryland,8,Star Wars Hyperspace Mountain,1,5,2026-10-10T06:45:24Z
2026-10-10T06:49:09Z,2026-10-10,08:49,4,Disneyland Park,Discoveryland,7278,Star Wars Hyperspace Mountain Single Rider,1,0,2026-10-10T06:45:24Z
2026-10-10T06:49:09Z,2026-10-10,08:49,4,Disneyland Park,Discoveryland,4573,Welcome to Starport: A Star Wars Encounter,0,0,2026-10-10T06:45:24Z
2026-10-10T06:49:09Z,2026-10-10,08:49,4,Disneyland Park,Fantasyland,19,"""it's a small world""",0,0,2026-10-10T06:45:24Z
2026-10-10T06:49:09Z,2026-10-10,08:49,4,Disneyland Park,Fantasyland,14,Alice's Curious Labyrinth,0,0,2026-10-10T06:45:24Z
2026-10-10T06:49:09Z,2026-10-10,08:49,4,Disneyland Park,Fantasyland,15,Blanche-Neige et les Sept Nains®,0,0,2026-10-10T06:45:24Z
2026-10-10T06:49:09Z,2026-10-10,08:49,4,Disneyland Park,Fantasyland,17,Casey Jr. – le Petit Train du Cirque,0,0,2026-10-10T06:45:24Z
2026-10-10T06:49:09Z,2026-10-10,08:49,4,Disneyland Park,Fantasyland,2711,Disneyland Railroad Fantasyland Station,0,0,2026-10-10T06:45:24Z
2026-10-10T06:49:09Z,2026-10-10,08:49,4,Disneyland Park,Fantasyland,11,Disneyland Railroad Main Street Station,0,0,2026-10-10T06:45:24Z
2026-10-10T06:49:09Z,2026-10-10,08:49,4,Disneyland Park,Fantasyland,18,Dumbo the Flying Elephant,1,5,2026-10-10T06:45:24Z
2026-10-10T06:49:09Z,2026-10-10,08:49,4,Disneyland Park,Fantasyland,2710,La Tanière du Dragon,1,0,2026-10-10T06:45:24Z
2026-10-10T06:49:09Z,2026-10-10,08:49,4,Disneyland Park,Fantasyland,16,Le Carrousel de Lancelot,0,0,2026-10-10T06:45:24Z
2026-10-10T06:49:09Z,2026-10-10,08:49,4,Disneyland Park,Fantasyland,21,"Le Pays des Contes de Fées, presented by Vittel",0,0,2026-10-10T06:45:24Z
2026-10-10T06:49:09Z,2026-10-10,08:49,4,Disneyland Park,Fantasyland,23,Les Voyages de Pinocchio,0,0,2026-10-10T06:45:24Z
2026-10-10T06:49:09Z,2026-10-10,08:49,4,Disneyland Park,Fantasyland,20,Mad Hatter's Tea Cups,0,0,2026-10-10T06:45:24Z
2026-10-10T06:49:09Z,2026-10-10,08:49,4,Disneyland Park,Fantasyland,13,Meet Mickey Mouse,0,0,2026-10-10T06:45:24Z
2026-10-10T06:49:09Z,2026-10-10,08:49,4,Disneyland Park,Fantasyland,22,Peter Pan's Flight,1,30,2026-10-10T06:45:24Z
2026-10-10T06:49:09Z,2026-10-10,08:49,4,Disneyland Park,Fantasyland,24,Princess Pavilion,0,0,2026-10-10T06:45:24Z
2026-10-10T06:49:09Z,2026-10-10,08:49,4,Disneyland Park,Frontierland,25,Big Thunder Mountain,1,30,2026-10-10T06:45:24Z
2026-10-10T06:49:09Z,2026-10-10,08:49,4,Disneyland Park,Frontierland,2714,Disneyland Railroad Frontierland Depot,0,0,2026-10-10T06:45:24Z
2026-10-10T06:49:09Z,2026-10-10,08:49,4,Disneyland Park,Frontierland,2713,Frontierland Playground,0,0,2026-10-10T06:45:24Z
2026-10-10T06:49:09Z,2026-10-10,08:49,4,Disneyland Park,Frontierland,26,Phantom Manor,0,0,2026-10-10T06:45:24Z
2026-10-10T06:49:09Z,2026-10-10,08:49,4,Disneyland Park,Frontierland,27,River Rogue Keelboats,0,0,2026-10-10T06:45:24Z
2026-10-10T06:49:09Z,2026-10-10,08:49,4,Disneyland Park,Frontierland,2712,Rustler Roundup Shootin' Gallery,1,0,2026-10-10T06:45:24Z
2026-10-10T06:49:09Z,2026-10-10,08:49,4,Disneyland Park,Frontierland,28,Thunder Mesa Riverboat Landing,0,0,2026-10-10T06:45:24Z
2026-10-10T06:49:09Z,2026-10-10,08:49,4,Disneyland Park,Main Street U.S.A,2708,Disneyland Railroad Main Street Station,0,0,2026-10-10T06:45:24Z
2026-10-10T06:49:09Z,2026-10-10,08:49,4,Disneyland Park,Main Street U.S.A,12,Main Street Vehicles,1,5,2026-10-10T06:45:24Z
2026-10-10T06:49:09Z,2026-10-10,08:49,28,Disney Adventure World,Marvel Avengers Campus,10848,Avengers Assemble: Flight Force,0,0,2026-10-10T06:45:24Z
2026-10-10T06:49:09Z,2026-10-10,08:49,28,Disney Adventure World,Marvel Avengers Campus,10849,Avengers Assemble: Flight Force Single Rider,0,0,2026-10-10T06:45:24Z
2026-10-10T06:49:09Z,2026-10-10,08:49,28,Disney Adventure World,Marvel Avengers Campus,10845,Spider-Man W.E.B. Adventure,1,5,2026-10-10T06:45:24Z
2026-10-10T06:49:09Z,2026-10-10,08:49,28,Disney Adventure World,Marvel Avengers Campus,10846,Spider-Man W.E.B. Adventure Single Rider,1,5,2026-10-10T06:45:24Z
2026-10-10T06:49:09Z,2026-10-10,08:49,28,Disney Adventure World,Production Courtyard,266,Meet Spider Man,0,0,2026-10-10T06:45:24Z
2026-10-10T06:49:09Z,2026-10-10,08:49,28,Disney Adventure World,Production Courtyard,40,The Twilight Zone Tower of Terror,1,10,2026-10-10T06:45:24Z
2026-10-10T06:49:09Z,2026-10-10,08:49,28,Disney Adventure World,Toon Studio,30,Art of Disney Animation,0,0,2026-10-10T06:45:24Z
2026-10-10T06:49:09Z,2026-10-10,08:49,28,Disney Adventure World,Toon Studio,31,Cars Quatre Roues Rallye,1,5,2026-10-10T06:45:24Z
2026-10-10T06:49:09Z,2026-10-10,08:49,28,Disney Adventure World,Toon Studio,29,Cars ROAD TRIP,0,0,2026-10-10T06:45:24Z
2026-10-10T06:49:09Z,2026-10-10,08:49,28,Disney Adventure World,Toon Studio,32,Crush's Coaster,0,0,2026-10-10T06:45:24Z
2026-10-10T06:49:09Z,2026-10-10,08:49,28,Disney Adventure World,Toon Studio,7277,Crush's Coaster Single Rider,0,0,2026-10-10T06:45:24Z
2026-10-10T06:49:09Z,2026-10-10,08:49,28,Disney Adventure World,Toon Studio,33,Les Tapis Volants - Flying Carpets Over Agrabah®,0,0,2026-10-10T06:45:24Z
2026-10-10T06:49:09Z,2026-10-10,08:49,28,Disney Adventure World,Toon Studio,37,Ratatouille : L’Aventure Totalement Toquée de Rémy​,1,25,2026-10-10T06:45:24Z
2026-10-10T06:49:09Z,2026-10-10,08:49,28,Disney Adventure World,Toon Studio,7279,Ratatouille: The Adventure Single Rider,1,5,2026-10-10T06:45:24Z
2026-10-10T06:49:09Z,2026-10-10,08:49,28,Disney Adventure World,Toon Studio,34,RC Racer,0,0,2026-10-10T06:45:24Z
2026-10-10T06:49:09Z,2026-10-10,08:49,28,Disney Adventure World,Toon Studio,7280,RC Racer Single Rider,0,0,2026-10-10T06:45:24Z
2026-10-10T06:49:09Z,2026-10-10,08:49,28,Disney Adventure World,Toon Studio,36,Slinky® Dog Zigzag Spin,1,5,2026-10-10T06:45:24Z
2026-10-10T06:49:09Z,2026-10-10,08:49,28,Disney Adventure World,Toon Studio,35,Toy Soldiers Parachute Drop,1,5,2026-10-10T06:45:24Z
2026-10-10T06:49:09Z,2026-10-10,08:49,28,Disney Adventure World,Toon Studio,7281,Toy Soldiers Parachute Drop Single Rider,1,5,2026-10-10T06:45:24Z
2026-10-10T06:49:09Z,2026-10-10,08:49,28,Disney Adventure World,World of Frozen,15413,Frozen Ever After,1,50,2026-10-10T06:45:24Z
2026-10-10T06:49:09Z,2026-10-10,08:49,28,Disney Adventure World,World of Frozen,15422,Frozen Ever After Single Rider,1,5,2026-10-10T06:45:24Z
2026-10-10T06:49:09Z,2026-10-10,08:49,28,Disney Adventure World,World of Frozen,15415,Raiponce Tangled Spin,1,5,2026-10-10T06:45:24Z
